{
	"formatVersion": 2,
	"appVersion": "0.101.3",
	"files": [
		{
			"isClone": false,
			"noteId": "D4q3EsqAD5Zm",
			"notePath": [
				"D4q3EsqAD5Zm"
			],
			"title": "mofodao博客",
			"notePosition": 170,
			"prefix": null,
			"isExpanded": true,
			"type": "text",
			"mime": "text/html",
			"attributes": [
				{
					"type": "label",
					"name": "newNotesOnTop",
					"value": "",
					"isInheritable": true,
					"position": 40
				},
				{
					"type": "relation",
					"name": "shareFavicon",
					"value": "puRAgMRCIBzQ",
					"isInheritable": true,
					"position": 50
				},
				{
					"type": "label",
					"name": "iconClass",
					"value": "bx bx-highlight",
					"isInheritable": false,
					"position": 90
				},
				{
					"type": "label",
					"name": "shareRoot",
					"value": "",
					"isInheritable": false,
					"position": 100
				},
				{
					"type": "label",
					"name": "motto",
					"value": "座右铭",
					"isInheritable": false,
					"position": 80
				},
				{
					"type": "relation",
					"name": "shareCss",
					"value": "R2LEIYVSHYpA",
					"isInheritable": true,
					"position": 30
				},
				{
					"type": "relation",
					"name": "shareTemplate",
					"value": "FB7yi4osWbWB",
					"isInheritable": true,
					"position": 20
				},
				{
					"type": "label",
					"name": "siteName",
					"value": "mofodao",
					"isInheritable": false,
					"position": 110
				},
				{
					"type": "label",
					"name": "bloggerName",
					"value": "mofodao",
					"isInheritable": false,
					"position": 120
				},
				{
					"type": "relation",
					"name": "bloggerAvatar",
					"value": "iiyPHek8MG5a",
					"isInheritable": false,
					"position": 140
				},
				{
					"type": "label",
					"name": "label:announcement",
					"value": "promoted,alias=公告,single,text",
					"isInheritable": false,
					"position": 150
				},
				{
					"type": "label",
					"name": "blogStartTime",
					"value": "2000-01-01",
					"isInheritable": false,
					"position": 130
				},
				{
					"type": "relation",
					"name": "prismCSS",
					"value": "trGQIypuVmOq",
					"isInheritable": true,
					"position": 60
				},
				{
					"type": "relation",
					"name": "prismJS",
					"value": "Lcgr5VXHTtfx",
					"isInheritable": true,
					"position": 70
				},
				{
					"type": "relation",
					"name": "shareJs",
					"value": "qsAzTt1UPKFX",
					"isInheritable": true,
					"position": 10
				},
				{
					"type": "label",
					"name": "sorted",
					"value": "blogItemOrder",
					"isInheritable": false,
					"position": 160
				},
				{
					"type": "label",
					"name": "shareDescription",
					"value": "输入你的网站介绍",
					"isInheritable": true,
					"position": 170
				},
				{
					"type": "relation",
					"name": "homepageBG",
					"value": "JLCvMPEBGVzl",
					"isInheritable": false,
					"position": 180
				},
				{
					"type": "label",
					"name": "enablePersonalDynamic",
					"value": "",
					"isInheritable": false,
					"position": 190
				},
				{
					"type": "label",
					"name": "enableRecommendedReading",
					"value": "",
					"isInheritable": false,
					"position": 200
				},
				{
					"type": "label",
					"name": "siteKeywords",
					"value": "填写网站关键词",
					"isInheritable": false,
					"position": 210
				},
				{
					"type": "label",
					"name": "announcement",
					"value": "随心",
					"isInheritable": false,
					"position": 220
				},
				{
					"type": "label",
					"name": "githubLink",
					"value": "https://cn.bing.com/",
					"isInheritable": false,
					"position": 230
				},
				{
					"type": "label",
					"name": "mailLink",
					"value": "https://cn.bing.com/",
					"isInheritable": false,
					"position": 240
				},
				{
					"type": "label",
					"name": "RSSLink",
					"value": "https://cn.bing.com/",
					"isInheritable": false,
					"position": 250
				},
				{
					"type": "label",
					"name": "sspaiLink",
					"value": "https://cn.bing.com/",
					"isInheritable": false,
					"position": 260
				},
				{
					"type": "label",
					"name": "bilibiliLink",
					"value": "https://cn.bing.com/",
					"isInheritable": false,
					"position": 270
				},
				{
					"type": "label",
					"name": "envId",
					"value": "xxx- twikoo的环境id",
					"isInheritable": false,
					"position": 280
				},
				{
					"type": "label",
					"name": "enableTwikoo",
					"value": "开启twikoo评论",
					"isInheritable": false,
					"position": 290
				},
				{
					"type": "label",
					"name": "envId",
					"value": "xxx- twikoo的环境id",
					"isInheritable": false,
					"position": 300
				}
			],
			"format": "html",
			"attachments": [],
			"dirFileName": "mofodao博客",
			"children": [
				{
					"isClone": false,
					"noteId": "wQosjGLLlm7h",
					"notePath": [
						"D4q3EsqAD5Zm",
						"wQosjGLLlm7h"
					],
					"title": "说说",
					"notePosition": 10,
					"prefix": null,
					"isExpanded": false,
					"type": "text",
					"mime": "text/html",
					"attributes": [
						{
							"type": "label",
							"name": "categoryName",
							"value": "说说",
							"isInheritable": false,
							"position": 10
						},
						{
							"type": "label",
							"name": "sorted",
							"value": "date",
							"isInheritable": false,
							"position": 20
						},
						{
							"type": "label",
							"name": "sortDirection",
							"value": "desc",
							"isInheritable": false,
							"position": 30
						},
						{
							"type": "label",
							"name": "blogItemOrder",
							"value": "1",
							"isInheritable": false,
							"position": 40
						},
						{
							"type": "label",
							"name": "shareAlias",
							"value": "recentActivity",
							"isInheritable": false,
							"position": 50
						},
						{
							"type": "label",
							"name": "iconClass",
							"value": "bx bx-message-rounded-detail",
							"isInheritable": false,
							"position": 60
						}
					],
					"format": "html",
					"attachments": [],
					"dirFileName": "说说",
					"children": [
						{
							"isClone": false,
							"noteId": "mLOp2T5NkV1q",
							"notePath": [
								"D4q3EsqAD5Zm",
								"wQosjGLLlm7h",
								"mLOp2T5NkV1q"
							],
							"title": "思想",
							"notePosition": 10,
							"prefix": null,
							"isExpanded": false,
							"type": "text",
							"mime": "text/html",
							"attributes": [
								{
									"type": "relation",
									"name": "template",
									"value": "NKg2NfAgzegn",
									"isInheritable": false,
									"position": 10
								},
								{
									"type": "label",
									"name": "category",
									"value": "说说",
									"isInheritable": false,
									"position": 20
								},
								{
									"type": "label",
									"name": "publish",
									"value": "true",
									"isInheritable": false,
									"position": 30
								},
								{
									"type": "label",
									"name": "summary",
									"value": "这是我的第一条说说...",
									"isInheritable": false,
									"position": 40
								},
								{
									"type": "label",
									"name": "date",
									"value": "2023-12-25",
									"isInheritable": false,
									"position": 50
								},
								{
									"type": "label",
									"name": "tags",
									"value": "阅读",
									"isInheritable": false,
									"position": 60
								},
								{
									"type": "label",
									"name": "lastTags",
									"value": "阅读",
									"isInheritable": false,
									"position": 70
								}
							],
							"format": "html",
							"dataFileName": "思想.html",
							"attachments": []
						}
					]
				},
				{
					"isClone": false,
					"noteId": "6UH7VT243rAh",
					"notePath": [
						"D4q3EsqAD5Zm",
						"6UH7VT243rAh"
					],
					"title": "文章分类",
					"notePosition": 20,
					"prefix": null,
					"isExpanded": false,
					"type": "text",
					"mime": "text/html",
					"attributes": [
						{
							"type": "label",
							"name": "blogItemOrder",
							"value": "2",
							"isInheritable": false,
							"position": 10
						},
						{
							"type": "label",
							"name": "iconClass",
							"value": "bx bxs-grid-alt",
							"isInheritable": false,
							"position": 20
						}
					],
					"format": "html",
					"dataFileName": "文章分类.html",
					"attachments": [],
					"dirFileName": "文章分类",
					"children": [
						{
							"isClone": false,
							"noteId": "bmHzj1fW86Mg",
							"notePath": [
								"D4q3EsqAD5Zm",
								"6UH7VT243rAh",
								"bmHzj1fW86Mg"
							],
							"title": "办公",
							"notePosition": -30,
							"prefix": null,
							"isExpanded": false,
							"type": "text",
							"mime": "text/html",
							"attributes": [
								{
									"type": "relation",
									"name": "template",
									"value": "NKg2NfAgzegn",
									"isInheritable": false,
									"position": 10
								}
							],
							"format": "html",
							"dataFileName": "办公.html",
							"attachments": [],
							"dirFileName": "办公",
							"children": [
								{
									"isClone": false,
									"noteId": "DJ1sC5BhpkyY",
									"notePath": [
										"D4q3EsqAD5Zm",
										"6UH7VT243rAh",
										"bmHzj1fW86Mg",
										"DJ1sC5BhpkyY"
									],
									"title": "在线工具",
									"notePosition": -10,
									"prefix": null,
									"isExpanded": false,
									"type": "text",
									"mime": "text/html",
									"attributes": [
										{
											"type": "relation",
											"name": "template",
											"value": "NKg2NfAgzegn",
											"isInheritable": false,
											"position": 10
										}
									],
									"format": "html",
									"dataFileName": "在线工具.html",
									"attachments": []
								}
							]
						},
						{
							"isClone": false,
							"noteId": "5w9ehtcvp8n6",
							"notePath": [
								"D4q3EsqAD5Zm",
								"6UH7VT243rAh",
								"5w9ehtcvp8n6"
							],
							"title": "投资",
							"notePosition": -20,
							"prefix": null,
							"isExpanded": false,
							"type": "text",
							"mime": "text/html",
							"attributes": [
								{
									"type": "relation",
									"name": "template",
									"value": "NKg2NfAgzegn",
									"isInheritable": false,
									"position": 10
								}
							],
							"format": "html",
							"dataFileName": "投资.html",
							"attachments": [],
							"dirFileName": "投资",
							"children": [
								{
									"isClone": false,
									"noteId": "UFM5wZAkDwoP",
									"notePath": [
										"D4q3EsqAD5Zm",
										"6UH7VT243rAh",
										"5w9ehtcvp8n6",
										"UFM5wZAkDwoP"
									],
									"title": "投资学习",
									"notePosition": -10,
									"prefix": null,
									"isExpanded": false,
									"type": "text",
									"mime": "text/html",
									"attributes": [
										{
											"type": "relation",
											"name": "template",
											"value": "NKg2NfAgzegn",
											"isInheritable": false,
											"position": 10
										}
									],
									"format": "html",
									"dataFileName": "投资学习.html",
									"attachments": []
								}
							]
						},
						{
							"isClone": false,
							"noteId": "9daM3Jlqq3i9",
							"notePath": [
								"D4q3EsqAD5Zm",
								"6UH7VT243rAh",
								"9daM3Jlqq3i9"
							],
							"title": "生活",
							"notePosition": -10,
							"prefix": null,
							"isExpanded": false,
							"type": "text",
							"mime": "text/html",
							"attributes": [
								{
									"type": "label",
									"name": "sorted",
									"value": "date",
									"isInheritable": false,
									"position": 10
								},
								{
									"type": "label",
									"name": "sortDirection",
									"value": "desc",
									"isInheritable": false,
									"position": 20
								},
								{
									"type": "label",
									"name": "categoryName",
									"value": "生活",
									"isInheritable": false,
									"position": 30
								}
							],
							"format": "html",
							"attachments": [],
							"dirFileName": "生活",
							"children": [
								{
									"isClone": false,
									"noteId": "TdjJJrXPanv7",
									"notePath": [
										"D4q3EsqAD5Zm",
										"6UH7VT243rAh",
										"9daM3Jlqq3i9",
										"TdjJJrXPanv7"
									],
									"title": "秘密",
									"notePosition": 10,
									"prefix": null,
									"isExpanded": false,
									"type": "text",
									"mime": "text/html",
									"attributes": [
										{
											"type": "relation",
											"name": "template",
											"value": "NKg2NfAgzegn",
											"isInheritable": false,
											"position": 10
										},
										{
											"type": "label",
											"name": "date",
											"value": "2026-02-07T22:29",
											"isInheritable": false,
											"position": 190
										},
										{
											"type": "label",
											"name": "category",
											"value": "生活",
											"isInheritable": false,
											"position": 200
										},
										{
											"type": "label",
											"name": "tags",
											"value": "阅读",
											"isInheritable": false,
											"position": 210
										},
										{
											"type": "label",
											"name": "publish",
											"value": "true",
											"isInheritable": false,
											"position": 220
										}
									],
									"format": "html",
									"dataFileName": "秘密.html",
									"attachments": []
								},
								{
									"isClone": false,
									"noteId": "j8g6sCzDE9uu",
									"notePath": [
										"D4q3EsqAD5Zm",
										"6UH7VT243rAh",
										"9daM3Jlqq3i9",
										"j8g6sCzDE9uu"
									],
									"title": "工作",
									"notePosition": 20,
									"prefix": null,
									"isExpanded": false,
									"type": "text",
									"mime": "text/html",
									"attributes": [
										{
											"type": "relation",
											"name": "template",
											"value": "NKg2NfAgzegn",
											"isInheritable": false,
											"position": 10
										},
										{
											"type": "label",
											"name": "category",
											"value": "生活",
											"isInheritable": false,
											"position": 20
										},
										{
											"type": "label",
											"name": "tags",
											"value": "生活",
											"isInheritable": false,
											"position": 30
										},
										{
											"type": "label",
											"name": "date",
											"value": "2024-01-08T19:47",
											"isInheritable": false,
											"position": 40
										},
										{
											"type": "label",
											"name": "publish",
											"value": "true",
											"isInheritable": false,
											"position": 50
										},
										{
											"type": "label",
											"name": "summary",
											"value": "...",
											"isInheritable": false,
											"position": 60
										}
									],
									"format": "html",
									"dataFileName": "工作.html",
									"attachments": []
								}
							]
						}
					]
				},
				{
					"isClone": false,
					"noteId": "j0apAiQx6lwN",
					"notePath": [
						"D4q3EsqAD5Zm",
						"j0apAiQx6lwN"
					],
					"title": "推荐阅读",
					"notePosition": 30,
					"prefix": null,
					"isExpanded": false,
					"type": "text",
					"mime": "text/html",
					"attributes": [
						{
							"type": "label",
							"name": "blogItemOrder",
							"value": "3",
							"isInheritable": false,
							"position": 10
						},
						{
							"type": "label",
							"name": "shareAlias",
							"value": "recommendedReading",
							"isInheritable": false,
							"position": 20
						},
						{
							"type": "label",
							"name": "iconClass",
							"value": "bx bxs-hot",
							"isInheritable": false,
							"position": 30
						}
					],
					"format": "html",
					"attachments": [],
					"dirFileName": "推荐阅读",
					"children": [
						{
							"isClone": true,
							"noteId": "j8g6sCzDE9uu",
							"notePath": [
								"D4q3EsqAD5Zm",
								"j0apAiQx6lwN",
								"j8g6sCzDE9uu"
							],
							"title": "工作",
							"prefix": null,
							"dataFileName": "工作.clone.html",
							"type": "text",
							"format": "html"
						}
					]
				},
				{
					"isClone": false,
					"noteId": "eMjO6wXCrKkl",
					"notePath": [
						"D4q3EsqAD5Zm",
						"eMjO6wXCrKkl"
					],
					"title": "DIY导航栏",
					"notePosition": 40,
					"prefix": null,
					"isExpanded": false,
					"type": "text",
					"mime": "text/html",
					"attributes": [
						{
							"type": "label",
							"name": "blogItemOrder",
							"value": "4",
							"isInheritable": false,
							"position": 10
						},
						{
							"type": "label",
							"name": "iconClass",
							"value": "bx bxs-wrench",
							"isInheritable": false,
							"position": 20
						},
						{
							"type": "label",
							"name": "timeLineRoot",
							"value": "",
							"isInheritable": false,
							"position": 30
						},
						{
							"type": "label",
							"name": "shareAlias",
							"value": "Index",
							"isInheritable": false,
							"position": 40
						},
						{
							"type": "label",
							"name": "sorted",
							"value": "date",
							"isInheritable": false,
							"position": 50
						},
						{
							"type": "label",
							"name": "sortDirection",
							"value": "desc",
							"isInheritable": false,
							"position": 60
						},
						{
							"type": "label",
							"name": "categoryName",
							"value": "DIY导航栏",
							"isInheritable": false,
							"position": 70
						},
						{
							"type": "label",
							"name": "blogItemOrder",
							"value": "6",
							"isInheritable": false,
							"position": 80
						},
						{
							"type": "label",
							"name": "iconClass",
							"value": "bx bxs-home",
							"isInheritable": false,
							"position": 90
						}
					],
					"format": "html",
					"dataFileName": "DIY导航栏.html",
					"attachments": [],
					"dirFileName": "DIY导航栏",
					"children": [
						{
							"isClone": false,
							"noteId": "SPRXEzbpgtVg",
							"notePath": [
								"D4q3EsqAD5Zm",
								"eMjO6wXCrKkl",
								"SPRXEzbpgtVg"
							],
							"title": "资源",
							"notePosition": 10,
							"prefix": null,
							"isExpanded": false,
							"type": "text",
							"mime": "text/html",
							"attributes": [
								{
									"type": "label",
									"name": "timeLineRoot",
									"value": "",
									"isInheritable": false,
									"position": 10
								},
								{
									"type": "label",
									"name": "shareAlias",
									"value": "Index",
									"isInheritable": false,
									"position": 20
								},
								{
									"type": "label",
									"name": "sorted",
									"value": "date",
									"isInheritable": false,
									"position": 30
								},
								{
									"type": "label",
									"name": "sortDirection",
									"value": "desc",
									"isInheritable": false,
									"position": 40
								},
								{
									"type": "label",
									"name": "categoryName",
									"value": "资源",
									"isInheritable": false,
									"position": 50
								},
								{
									"type": "label",
									"name": "blogItemOrder",
									"value": "6",
									"isInheritable": false,
									"position": 60
								},
								{
									"type": "label",
									"name": "iconClass",
									"value": "bx bxs-home",
									"isInheritable": false,
									"position": 70
								}
							],
							"format": "html",
							"dataFileName": "资源.html",
							"attachments": [],
							"dirFileName": "资源",
							"children": [
								{
									"isClone": false,
									"noteId": "uzQDQnmWpkc3",
									"notePath": [
										"D4q3EsqAD5Zm",
										"eMjO6wXCrKkl",
										"SPRXEzbpgtVg",
										"uzQDQnmWpkc3"
									],
									"title": "网站",
									"notePosition": 10,
									"prefix": null,
									"isExpanded": false,
									"type": "text",
									"mime": "text/html",
									"attributes": [
										{
											"type": "relation",
											"name": "template",
											"value": "NKg2NfAgzegn",
											"isInheritable": false,
											"position": 10
										},
										{
											"type": "label",
											"name": "category",
											"value": "资源",
											"isInheritable": false,
											"position": 190
										},
										{
											"type": "label",
											"name": "publish",
											"value": "true",
											"isInheritable": false,
											"position": 200
										}
									],
									"format": "html",
									"dataFileName": "网站.html",
									"attachments": []
								},
								{
									"isClone": false,
									"noteId": "P03dYrauQUxD",
									"notePath": [
										"D4q3EsqAD5Zm",
										"eMjO6wXCrKkl",
										"SPRXEzbpgtVg",
										"P03dYrauQUxD"
									],
									"title": "软件推荐",
									"notePosition": 20,
									"prefix": null,
									"isExpanded": false,
									"type": "text",
									"mime": "text/html",
									"attributes": [
										{
											"type": "relation",
											"name": "template",
											"value": "NKg2NfAgzegn",
											"isInheritable": false,
											"position": 10
										},
										{
											"type": "label",
											"name": "category",
											"value": "资源",
											"isInheritable": false,
											"position": 190
										},
										{
											"type": "label",
											"name": "publish",
											"value": "true",
											"isInheritable": false,
											"position": 200
										},
										{
											"type": "label",
											"name": "date",
											"value": "2026-02-12T21:03",
											"isInheritable": false,
											"position": 210
										}
									],
									"format": "html",
									"dataFileName": "软件推荐.html",
									"attachments": []
								},
								{
									"isClone": false,
									"noteId": "5bjP4iVQfmzb",
									"notePath": [
										"D4q3EsqAD5Zm",
										"eMjO6wXCrKkl",
										"SPRXEzbpgtVg",
										"5bjP4iVQfmzb"
									],
									"title": "系统",
									"notePosition": 30,
									"prefix": null,
									"isExpanded": false,
									"type": "text",
									"mime": "text/html",
									"attributes": [
										{
											"type": "relation",
											"name": "template",
											"value": "NKg2NfAgzegn",
											"isInheritable": false,
											"position": 10
										},
										{
											"type": "label",
											"name": "date",
											"value": "2026-02-12T21:03",
											"isInheritable": false,
											"position": 190
										},
										{
											"type": "label",
											"name": "publish",
											"value": "false",
											"isInheritable": false,
											"position": 200
										},
										{
											"type": "label",
											"name": "category",
											"value": "资源",
											"isInheritable": false,
											"position": 210
										},
										{
											"type": "label",
											"name": "tags",
											"value": "系统",
											"isInheritable": false,
											"position": 220
										}
									],
									"format": "html",
									"dataFileName": "系统.html",
									"attachments": []
								}
							]
						},
						{
							"isClone": false,
							"noteId": "sefImHx5kWYX",
							"notePath": [
								"D4q3EsqAD5Zm",
								"eMjO6wXCrKkl",
								"sefImHx5kWYX"
							],
							"title": "标签",
							"notePosition": 20,
							"prefix": null,
							"isExpanded": false,
							"type": "text",
							"mime": "text/html",
							"attributes": [
								{
									"type": "label",
									"name": "categoryName",
									"value": "标签云",
									"isInheritable": false,
									"position": 10
								},
								{
									"type": "label",
									"name": "shareAlias",
									"value": "tagCloud",
									"isInheritable": false,
									"position": 20
								}
							],
							"format": "html",
							"dataFileName": "标签.html",
							"attachments": []
						},
						{
							"isClone": false,
							"noteId": "OGeLGJqe38wC",
							"notePath": [
								"D4q3EsqAD5Zm",
								"eMjO6wXCrKkl",
								"OGeLGJqe38wC"
							],
							"title": "归档",
							"notePosition": 30,
							"prefix": null,
							"isExpanded": false,
							"type": "text",
							"mime": "text/html",
							"attributes": [
								{
									"type": "label",
									"name": "categoryName",
									"value": "归档",
									"isInheritable": false,
									"position": 10
								},
								{
									"type": "label",
									"name": "shareAlias",
									"value": "timeline",
									"isInheritable": false,
									"position": 20
								}
							],
							"format": "html",
							"dataFileName": "归档.html",
							"attachments": []
						},
						{
							"isClone": false,
							"noteId": "lIaKhI42xrU9",
							"notePath": [
								"D4q3EsqAD5Zm",
								"eMjO6wXCrKkl",
								"lIaKhI42xrU9"
							],
							"title": "关于",
							"notePosition": 40,
							"prefix": null,
							"isExpanded": false,
							"type": "text",
							"mime": "text/html",
							"attributes": [],
							"format": "html",
							"attachments": [],
							"dirFileName": "关于",
							"children": [
								{
									"isClone": false,
									"noteId": "jQtt9iQ89zqL",
									"notePath": [
										"D4q3EsqAD5Zm",
										"eMjO6wXCrKkl",
										"lIaKhI42xrU9",
										"jQtt9iQ89zqL"
									],
									"title": "关于",
									"notePosition": -10,
									"prefix": null,
									"isExpanded": false,
									"type": "text",
									"mime": "text/html",
									"attributes": [
										{
											"type": "label",
											"name": "categoryName",
											"value": "关于",
											"isInheritable": false,
											"position": 10
										},
										{
											"type": "label",
											"name": "shareAlias",
											"value": "about",
											"isInheritable": false,
											"position": 20
										},
										{
											"type": "label",
											"name": "showComments",
											"value": "",
											"isInheritable": false,
											"position": 30
										},
										{
											"type": "label",
											"name": "showReward",
											"value": "",
											"isInheritable": false,
											"position": 40
										}
									],
									"format": "html",
									"dataFileName": "关于.html",
									"attachments": []
								},
								{
									"isClone": false,
									"noteId": "IACU0jvu6oq7",
									"notePath": [
										"D4q3EsqAD5Zm",
										"eMjO6wXCrKkl",
										"lIaKhI42xrU9",
										"IACU0jvu6oq7"
									],
									"title": "友链",
									"notePosition": 0,
									"prefix": null,
									"isExpanded": false,
									"type": "code",
									"mime": "application/json",
									"attributes": [
										{
											"type": "label",
											"name": "categoryName",
											"value": "友链",
											"isInheritable": false,
											"position": 10
										},
										{
											"type": "label",
											"name": "myTitle",
											"value": "网站名称",
											"isInheritable": false,
											"position": 30
										},
										{
											"type": "label",
											"name": "myLink",
											"value": "网站链接",
											"isInheritable": false,
											"position": 40
										},
										{
											"type": "label",
											"name": "myImg",
											"value": "网站图像",
											"isInheritable": false,
											"position": 50
										},
										{
											"type": "label",
											"name": "myDes",
											"value": "网站介绍",
											"isInheritable": false,
											"position": 60
										},
										{
											"type": "label",
											"name": "showComments",
											"value": "",
											"isInheritable": false,
											"position": 70
										},
										{
											"type": "label",
											"name": "shareAlias",
											"value": "fLinks",
											"isInheritable": false,
											"position": 20
										},
										{
											"type": "label",
											"name": "label:notes",
											"value": "promoted,alias=声明,single,text",
											"isInheritable": false,
											"position": 80
										},
										{
											"type": "label",
											"name": "notes",
											"value": "本站声明……",
											"isInheritable": false,
											"position": 90
										}
									],
									"dataFileName": "友链.json",
									"attachments": []
								}
							]
						},
						{
							"isClone": false,
							"noteId": "YZomEOtmqV8J",
							"notePath": [
								"D4q3EsqAD5Zm",
								"eMjO6wXCrKkl",
								"YZomEOtmqV8J"
							],
							"title": "个人",
							"notePosition": 50,
							"prefix": null,
							"isExpanded": false,
							"type": "text",
							"mime": "text/html",
							"attributes": [],
							"format": "html",
							"attachments": [],
							"dirFileName": "个人",
							"children": [
								{
									"isClone": false,
									"noteId": "Vdg7yYPO40fW",
									"notePath": [
										"D4q3EsqAD5Zm",
										"eMjO6wXCrKkl",
										"YZomEOtmqV8J",
										"Vdg7yYPO40fW"
									],
									"title": "AI",
									"notePosition": -60,
									"prefix": null,
									"isExpanded": false,
									"type": "text",
									"mime": "text/html",
									"attributes": [
										{
											"type": "relation",
											"name": "template",
											"value": "NKg2NfAgzegn",
											"isInheritable": false,
											"position": 10
										}
									],
									"format": "html",
									"dataFileName": "AI.html",
									"attachments": []
								},
								{
									"isClone": false,
									"noteId": "ZtL27Vs1vzyr",
									"notePath": [
										"D4q3EsqAD5Zm",
										"eMjO6wXCrKkl",
										"YZomEOtmqV8J",
										"ZtL27Vs1vzyr"
									],
									"title": "网络资源",
									"notePosition": -50,
									"prefix": null,
									"isExpanded": false,
									"type": "text",
									"mime": "text/html",
									"attributes": [
										{
											"type": "relation",
											"name": "template",
											"value": "NKg2NfAgzegn",
											"isInheritable": false,
											"position": 10
										}
									],
									"format": "html",
									"dataFileName": "网络资源.html",
									"attachments": []
								},
								{
									"isClone": false,
									"noteId": "W2iaSQHUfXBB",
									"notePath": [
										"D4q3EsqAD5Zm",
										"eMjO6wXCrKkl",
										"YZomEOtmqV8J",
										"W2iaSQHUfXBB"
									],
									"title": "科学阅读",
									"notePosition": -40,
									"prefix": null,
									"isExpanded": false,
									"type": "text",
									"mime": "text/html",
									"attributes": [
										{
											"type": "relation",
											"name": "template",
											"value": "NKg2NfAgzegn",
											"isInheritable": false,
											"position": 10
										}
									],
									"format": "html",
									"dataFileName": "科学阅读.html",
									"attachments": []
								},
								{
									"isClone": false,
									"noteId": "mLJOiP0wFjVK",
									"notePath": [
										"D4q3EsqAD5Zm",
										"eMjO6wXCrKkl",
										"YZomEOtmqV8J",
										"mLJOiP0wFjVK"
									],
									"title": "密码与2fa",
									"notePosition": -30,
									"prefix": null,
									"isExpanded": false,
									"type": "text",
									"mime": "text/html",
									"attributes": [
										{
											"type": "relation",
											"name": "template",
											"value": "NKg2NfAgzegn",
											"isInheritable": false,
											"position": 10
										}
									],
									"format": "html",
									"dataFileName": "密码与2fa.html",
									"attachments": []
								},
								{
									"isClone": false,
									"noteId": "Dq23BFsD0FqG",
									"notePath": [
										"D4q3EsqAD5Zm",
										"eMjO6wXCrKkl",
										"YZomEOtmqV8J",
										"Dq23BFsD0FqG"
									],
									"title": "个人加密",
									"notePosition": -20,
									"prefix": null,
									"isExpanded": false,
									"type": "text",
									"mime": "text/html",
									"attributes": [
										{
											"type": "relation",
											"name": "template",
											"value": "NKg2NfAgzegn",
											"isInheritable": false,
											"position": 10
										},
										{
											"type": "label",
											"name": "shareCredentials",
											"value": "admin:mofodao@",
											"isInheritable": false,
											"position": 20
										},
										{
											"type": "label",
											"name": "publish",
											"value": "true",
											"isInheritable": false,
											"position": 30
										},
										{
											"type": "label",
											"name": "date",
											"value": "2026-02-13T14:03",
											"isInheritable": false,
											"position": 40
										}
									],
									"format": "html",
									"dataFileName": "个人加密.html",
									"attachments": []
								},
								{
									"isClone": false,
									"noteId": "9fUJ4Pg0H0xr",
									"notePath": [
										"D4q3EsqAD5Zm",
										"eMjO6wXCrKkl",
										"YZomEOtmqV8J",
										"9fUJ4Pg0H0xr"
									],
									"title": "github ",
									"notePosition": -10,
									"prefix": null,
									"isExpanded": false,
									"type": "text",
									"mime": "text/html",
									"attributes": [
										{
											"type": "label",
											"name": "shareExternalLink",
											"value": "https://github.com/",
											"isInheritable": false,
											"position": 10
										}
									],
									"format": "html",
									"dataFileName": "github.html",
									"attachments": []
								}
							]
						}
					]
				},
				{
					"isClone": false,
					"noteId": "omiX2axVMBev",
					"notePath": [
						"D4q3EsqAD5Zm",
						"omiX2axVMBev"
					],
					"title": "标签",
					"notePosition": 50,
					"prefix": null,
					"isExpanded": false,
					"type": "text",
					"mime": "text/html",
					"attributes": [
						{
							"type": "label",
							"name": "blogTagRoot",
							"value": "",
							"isInheritable": false,
							"position": 10
						},
						{
							"type": "label",
							"name": "blogItemOrder",
							"value": "5",
							"isInheritable": false,
							"position": 20
						},
						{
							"type": "label",
							"name": "categoryName",
							"value": "标签",
							"isInheritable": false,
							"position": 30
						},
						{
							"type": "label",
							"name": "iconClass",
							"value": "bx bx-purchase-tag",
							"isInheritable": false,
							"position": 40
						}
					],
					"format": "html",
					"dataFileName": "标签.html",
					"attachments": [],
					"dirFileName": "标签",
					"children": [
						{
							"isClone": false,
							"noteId": "2wBdgcwC1JBc",
							"notePath": [
								"D4q3EsqAD5Zm",
								"omiX2axVMBev",
								"2wBdgcwC1JBc"
							],
							"title": "软件",
							"notePosition": -20,
							"prefix": null,
							"isExpanded": false,
							"type": "text",
							"mime": "text/html",
							"attributes": [
								{
									"type": "label",
									"name": "blogTag",
									"value": "软件",
									"isInheritable": false,
									"position": 10
								},
								{
									"type": "label",
									"name": "shareAlias",
									"value": "tag_软件",
									"isInheritable": false,
									"position": 20
								}
							],
							"format": "html",
							"dataFileName": "软件.html",
							"attachments": [],
							"dirFileName": "软件",
							"children": [
								{
									"isClone": false,
									"noteId": "ECP0nmh7ok8N",
									"notePath": [
										"D4q3EsqAD5Zm",
										"omiX2axVMBev",
										"2wBdgcwC1JBc",
										"ECP0nmh7ok8N"
									],
									"title": "系统",
									"notePosition": -10,
									"prefix": null,
									"isExpanded": false,
									"type": "text",
									"mime": "text/html",
									"attributes": [
										{
											"type": "relation",
											"name": "template",
											"value": "NKg2NfAgzegn",
											"isInheritable": false,
											"position": 10
										},
										{
											"type": "label",
											"name": "publish",
											"value": "true",
											"isInheritable": false,
											"position": 190
										},
										{
											"type": "label",
											"name": "date",
											"value": "2026-02-07T22:21",
											"isInheritable": false,
											"position": 200
										}
									],
									"format": "html",
									"dataFileName": "系统.html",
									"attachments": []
								}
							]
						},
						{
							"isClone": false,
							"noteId": "R6ameVuLxYjL",
							"notePath": [
								"D4q3EsqAD5Zm",
								"omiX2axVMBev",
								"R6ameVuLxYjL"
							],
							"title": "阅读",
							"notePosition": -10,
							"prefix": null,
							"isExpanded": false,
							"type": "text",
							"mime": "text/html",
							"attributes": [
								{
									"type": "label",
									"name": "blogTag",
									"value": "阅读",
									"isInheritable": false,
									"position": 10
								},
								{
									"type": "label",
									"name": "shareAlias",
									"value": "tag_阅读",
									"isInheritable": false,
									"position": 20
								}
							],
							"format": "html",
							"attachments": [],
							"dirFileName": "阅读",
							"children": [
								{
									"isClone": true,
									"noteId": "mLOp2T5NkV1q",
									"notePath": [
										"D4q3EsqAD5Zm",
										"omiX2axVMBev",
										"R6ameVuLxYjL",
										"mLOp2T5NkV1q"
									],
									"title": "思想",
									"prefix": null,
									"dataFileName": "思想.clone.html",
									"type": "text",
									"format": "html"
								}
							]
						}
					]
				},
				{
					"isClone": false,
					"noteId": "rmXRXudIjXLd",
					"notePath": [
						"D4q3EsqAD5Zm",
						"rmXRXudIjXLd"
					],
					"title": "首页",
					"notePosition": 60,
					"prefix": null,
					"isExpanded": true,
					"type": "text",
					"mime": "text/html",
					"attributes": [
						{
							"type": "label",
							"name": "shareAlias",
							"value": "Index",
							"isInheritable": false,
							"position": 20
						},
						{
							"type": "label",
							"name": "sorted",
							"value": "date",
							"isInheritable": false,
							"position": 30
						},
						{
							"type": "label",
							"name": "sortDirection",
							"value": "desc",
							"isInheritable": false,
							"position": 40
						},
						{
							"type": "label",
							"name": "timeLineRoot",
							"value": "",
							"isInheritable": false,
							"position": 10
						},
						{
							"type": "label",
							"name": "categoryName",
							"value": "首页",
							"isInheritable": false,
							"position": 50
						},
						{
							"type": "label",
							"name": "blogItemOrder",
							"value": "6",
							"isInheritable": false,
							"position": 60
						},
						{
							"type": "label",
							"name": "iconClass",
							"value": "bx bxs-home",
							"isInheritable": false,
							"position": 70
						}
					],
					"format": "html",
					"attachments": [],
					"dirFileName": "首页",
					"children": [
						{
							"isClone": false,
							"noteId": "OAWvfIULFs2z",
							"notePath": [
								"D4q3EsqAD5Zm",
								"rmXRXudIjXLd",
								"OAWvfIULFs2z"
							],
							"title": "学习、资源",
							"notePosition": 10,
							"prefix": null,
							"isExpanded": false,
							"type": "text",
							"mime": "text/html",
							"attributes": [
								{
									"type": "relation",
									"name": "template",
									"value": "NKg2NfAgzegn",
									"isInheritable": false,
									"position": 10
								},
								{
									"type": "label",
									"name": "publish",
									"value": "true",
									"isInheritable": false,
									"position": 190
								},
								{
									"type": "label",
									"name": "date",
									"value": "2026-02-13T12:28",
									"isInheritable": false,
									"position": 200
								},
								{
									"type": "label",
									"name": "tags",
									"value": "阅读",
									"isInheritable": false,
									"position": 210
								}
							],
							"format": "html",
							"dataFileName": "学习、资源.html",
							"attachments": []
						},
						{
							"isClone": false,
							"noteId": "Xr5DMlXafXFX",
							"notePath": [
								"D4q3EsqAD5Zm",
								"rmXRXudIjXLd",
								"Xr5DMlXafXFX"
							],
							"title": "开源软件",
							"notePosition": 20,
							"prefix": null,
							"isExpanded": false,
							"type": "text",
							"mime": "text/html",
							"attributes": [
								{
									"type": "relation",
									"name": "template",
									"value": "NKg2NfAgzegn",
									"isInheritable": false,
									"position": 10
								},
								{
									"type": "label",
									"name": "tags",
									"value": "软件",
									"isInheritable": false,
									"position": 190
								},
								{
									"type": "label",
									"name": "tags",
									"value": "开源",
									"isInheritable": false,
									"position": 200
								},
								{
									"type": "label",
									"name": "date",
									"value": "2026-02-12T22:01",
									"isInheritable": false,
									"position": 210
								},
								{
									"type": "label",
									"name": "category",
									"value": "生活",
									"isInheritable": false,
									"position": 220
								},
								{
									"type": "label",
									"name": "publish",
									"value": "true",
									"isInheritable": false,
									"position": 230
								}
							],
							"format": "html",
							"dataFileName": "开源软件.html",
							"attachments": []
						},
						{
							"isClone": false,
							"noteId": "ca1W4Lt5L5D0",
							"notePath": [
								"D4q3EsqAD5Zm",
								"rmXRXudIjXLd",
								"ca1W4Lt5L5D0"
							],
							"title": "平台部署",
							"notePosition": 30,
							"prefix": null,
							"isExpanded": false,
							"type": "text",
							"mime": "text/html",
							"attributes": [
								{
									"type": "relation",
									"name": "template",
									"value": "NKg2NfAgzegn",
									"isInheritable": false,
									"position": 10
								},
								{
									"type": "label",
									"name": "date",
									"value": "2026-02-10T22:27",
									"isInheritable": false,
									"position": 190
								},
								{
									"type": "label",
									"name": "tags",
									"value": "阅读",
									"isInheritable": false,
									"position": 200
								},
								{
									"type": "label",
									"name": "category",
									"value": "资源",
									"isInheritable": false,
									"position": 210
								},
								{
									"type": "label",
									"name": "publish",
									"value": "true",
									"isInheritable": false,
									"position": 220
								}
							],
							"format": "html",
							"dataFileName": "平台部署.html",
							"attachments": []
						},
						{
							"isClone": false,
							"noteId": "AX9xZek0rXbY",
							"notePath": [
								"D4q3EsqAD5Zm",
								"rmXRXudIjXLd",
								"AX9xZek0rXbY"
							],
							"title": "测试",
							"notePosition": 40,
							"prefix": null,
							"isExpanded": false,
							"type": "text",
							"mime": "text/html",
							"attributes": [
								{
									"type": "relation",
									"name": "template",
									"value": "NKg2NfAgzegn",
									"isInheritable": false,
									"position": 10
								},
								{
									"type": "label",
									"name": "tags",
									"value": "",
									"isInheritable": false,
									"position": 190
								},
								{
									"type": "label",
									"name": "category",
									"value": "说说",
									"isInheritable": false,
									"position": 200
								},
								{
									"type": "label",
									"name": "date",
									"value": "2026-02-10T21:43",
									"isInheritable": false,
									"position": 210
								},
								{
									"type": "label",
									"name": "publish",
									"value": "true",
									"isInheritable": false,
									"position": 220
								}
							],
							"format": "html",
							"dataFileName": "测试.html",
							"attachments": []
						},
						{
							"isClone": true,
							"noteId": "j8g6sCzDE9uu",
							"notePath": [
								"D4q3EsqAD5Zm",
								"rmXRXudIjXLd",
								"j8g6sCzDE9uu"
							],
							"title": "工作",
							"prefix": null,
							"dataFileName": "工作.clone.html",
							"type": "text",
							"format": "html"
						},
						{
							"isClone": true,
							"noteId": "mLOp2T5NkV1q",
							"notePath": [
								"D4q3EsqAD5Zm",
								"rmXRXudIjXLd",
								"mLOp2T5NkV1q"
							],
							"title": "思想",
							"prefix": null,
							"dataFileName": "思想.clone.html",
							"type": "text",
							"format": "html"
						}
					]
				},
				{
					"isClone": false,
					"noteId": "FLJNCgICUmYs",
					"notePath": [
						"D4q3EsqAD5Zm",
						"FLJNCgICUmYs"
					],
					"title": "未发表",
					"notePosition": 70,
					"prefix": null,
					"isExpanded": false,
					"type": "text",
					"mime": "text/html",
					"attributes": [
						{
							"type": "label",
							"name": "unpublishedRoot",
							"value": "",
							"isInheritable": false,
							"position": 10
						},
						{
							"type": "label",
							"name": "shareHiddenFromTree",
							"value": "",
							"isInheritable": false,
							"position": 20
						},
						{
							"type": "label",
							"name": "blogItemOrder",
							"value": "999",
							"isInheritable": false,
							"position": 30
						},
						{
							"type": "label",
							"name": "iconClass",
							"value": "bx bxs-minus-circle",
							"isInheritable": false,
							"position": 40
						}
					],
					"format": "html",
					"dataFileName": "未发表.html",
					"attachments": []
				},
				{
					"isClone": false,
					"noteId": "qbhHDaZhTkWJ",
					"notePath": [
						"D4q3EsqAD5Zm",
						"qbhHDaZhTkWJ"
					],
					"title": "Ankia-Theme",
					"notePosition": 80,
					"prefix": null,
					"isExpanded": false,
					"type": "text",
					"mime": "text/html",
					"attributes": [
						{
							"type": "label",
							"name": "shareHiddenFromTree",
							"value": "",
							"isInheritable": false,
							"position": 10
						},
						{
							"type": "label",
							"name": "blogItemOrder",
							"value": "9999",
							"isInheritable": false,
							"position": 20
						}
					],
					"format": "html",
					"dataFileName": "Ankia-Theme.html",
					"attachments": [],
					"dirFileName": "Ankia-Theme",
					"children": [
						{
							"isClone": false,
							"noteId": "J6rLowQRAx4v",
							"notePath": [
								"D4q3EsqAD5Zm",
								"qbhHDaZhTkWJ",
								"J6rLowQRAx4v"
							],
							"title": "Code highlighting plugin",
							"notePosition": -30,
							"prefix": null,
							"isExpanded": false,
							"type": "text",
							"mime": "text/html",
							"attributes": [
								{
									"type": "label",
									"name": "archived",
									"value": "",
									"isInheritable": true,
									"position": 10
								}
							],
							"format": "html",
							"attachments": [],
							"dirFileName": "Code highlighting plugin",
							"children": [
								{
									"isClone": false,
									"noteId": "trGQIypuVmOq",
									"notePath": [
										"D4q3EsqAD5Zm",
										"qbhHDaZhTkWJ",
										"J6rLowQRAx4v",
										"trGQIypuVmOq"
									],
									"title": "prism.css",
									"notePosition": -20,
									"prefix": null,
									"isExpanded": false,
									"type": "file",
									"mime": "text/css",
									"attributes": [
										{
											"type": "label",
											"name": "originalFileName",
											"value": "prism.css",
											"isInheritable": false,
											"position": 80
										}
									],
									"dataFileName": "prism.css",
									"attachments": []
								},
								{
									"isClone": false,
									"noteId": "Lcgr5VXHTtfx",
									"notePath": [
										"D4q3EsqAD5Zm",
										"qbhHDaZhTkWJ",
										"J6rLowQRAx4v",
										"Lcgr5VXHTtfx"
									],
									"title": "prism.js",
									"notePosition": -10,
									"prefix": null,
									"isExpanded": false,
									"type": "file",
									"mime": "text/javascript",
									"attributes": [
										{
											"type": "label",
											"name": "originalFileName",
											"value": "prism.js",
											"isInheritable": false,
											"position": 10
										}
									],
									"dataFileName": "prism.js",
									"attachments": []
								}
							]
						},
						{
							"isClone": false,
							"noteId": "FB7yi4osWbWB",
							"notePath": [
								"D4q3EsqAD5Zm",
								"qbhHDaZhTkWJ",
								"FB7yi4osWbWB"
							],
							"title": "Ankia-Theme.ejs",
							"notePosition": -20,
							"prefix": null,
							"isExpanded": false,
							"type": "code",
							"mime": "application/x-ejs",
							"attributes": [
								{
									"type": "label",
									"name": "shareHiddenFromTree",
									"value": "",
									"isInheritable": true,
									"position": 10
								},
								{
									"type": "label",
									"name": "archived",
									"value": "",
									"isInheritable": true,
									"position": 20
								}
							],
							"dataFileName": "Ankia-Theme.ejs",
							"attachments": [],
							"dirFileName": "1_Ankia-Theme.ejs",
							"children": [
								{
									"isClone": false,
									"noteId": "qp8TxN4sWTIK",
									"notePath": [
										"D4q3EsqAD5Zm",
										"qbhHDaZhTkWJ",
										"FB7yi4osWbWB",
										"qp8TxN4sWTIK"
									],
									"title": "toc_item",
									"notePosition": 10,
									"prefix": null,
									"isExpanded": false,
									"type": "code",
									"mime": "application/x-ejs",
									"attributes": [],
									"dataFileName": "toc_item.dat",
									"attachments": []
								}
							]
						},
						{
							"isClone": false,
							"noteId": "qsAzTt1UPKFX",
							"notePath": [
								"D4q3EsqAD5Zm",
								"qbhHDaZhTkWJ",
								"qsAzTt1UPKFX"
							],
							"title": "Ankia-Theme.min.js",
							"notePosition": -10,
							"prefix": null,
							"isExpanded": false,
							"type": "file",
							"mime": "text/javascript",
							"attributes": [
								{
									"type": "label",
									"name": "originalFileName",
									"value": "Ankia-Theme.min.js",
									"isInheritable": false,
									"position": 10
								},
								{
									"type": "label",
									"name": "archived",
									"value": "",
									"isInheritable": false,
									"position": 20
								}
							],
							"dataFileName": "Ankia-Theme.min.js",
							"attachments": []
						},
						{
							"isClone": false,
							"noteId": "R2LEIYVSHYpA",
							"notePath": [
								"D4q3EsqAD5Zm",
								"qbhHDaZhTkWJ",
								"R2LEIYVSHYpA"
							],
							"title": "Ankia-Theme.min.css",
							"notePosition": 0,
							"prefix": null,
							"isExpanded": false,
							"type": "file",
							"mime": "text/css",
							"attributes": [
								{
									"type": "label",
									"name": "originalFileName",
									"value": "Ankia-Theme.min.css",
									"isInheritable": false,
									"position": 10
								},
								{
									"type": "label",
									"name": "archived",
									"value": "",
									"isInheritable": false,
									"position": 20
								}
							],
							"dataFileName": "Ankia-Theme.min.css",
							"attachments": []
						},
						{
							"isClone": false,
							"noteId": "osjp1Ui5sQMa",
							"notePath": [
								"D4q3EsqAD5Zm",
								"qbhHDaZhTkWJ",
								"osjp1Ui5sQMa"
							],
							"title": "blogStateChange",
							"notePosition": 50,
							"prefix": null,
							"isExpanded": false,
							"type": "code",
							"mime": "application/javascript;env=backend",
							"attributes": [
								{
									"type": "label",
									"name": "archived",
									"value": "",
									"isInheritable": false,
									"position": 10
								}
							],
							"dataFileName": "blogStateChange.js",
							"attachments": []
						},
						{
							"isClone": false,
							"noteId": "NKg2NfAgzegn",
							"notePath": [
								"D4q3EsqAD5Zm",
								"qbhHDaZhTkWJ",
								"NKg2NfAgzegn"
							],
							"title": "博文模板",
							"notePosition": 60,
							"prefix": null,
							"isExpanded": false,
							"type": "text",
							"mime": "text/html",
							"attributes": [
								{
									"type": "relation",
									"name": "disabled:runOnAttributeChange",
									"value": "osjp1Ui5sQMa",
									"isInheritable": false,
									"position": 10
								},
								{
									"type": "label",
									"name": "template",
									"value": "",
									"isInheritable": false,
									"position": 20
								},
								{
									"type": "label",
									"name": "label:summary",
									"value": "alias=概要,single,text",
									"isInheritable": false,
									"position": 30
								},
								{
									"type": "label",
									"name": "label:category",
									"value": "promoted,alias=分类,single,text",
									"isInheritable": false,
									"position": 40
								},
								{
									"type": "label",
									"name": "label:tags",
									"value": "promoted,alias=标签,multi,text",
									"isInheritable": false,
									"position": 50
								},
								{
									"type": "label",
									"name": "label:headerImage",
									"value": "promoted,alias=头图,single,text",
									"isInheritable": false,
									"position": 60
								},
								{
									"type": "label",
									"name": "label:date",
									"value": "promoted,alias=时间,single,datetime",
									"isInheritable": false,
									"position": 80
								},
								{
									"type": "label",
									"name": "iconClass",
									"value": "bx bxs-file",
									"isInheritable": false,
									"position": 70
								},
								{
									"type": "label",
									"name": "label:publish",
									"value": "promoted,alias=发布,single,boolean",
									"isInheritable": false,
									"position": 90
								},
								{
									"type": "label",
									"name": "showComments",
									"value": "",
									"isInheritable": true,
									"position": 100
								},
								{
									"type": "label",
									"name": "showReward",
									"value": "",
									"isInheritable": true,
									"position": 110
								},
								{
									"type": "label",
									"name": "publish",
									"value": "false",
									"isInheritable": false,
									"position": 180
								}
							],
							"format": "html",
							"dataFileName": "博文模板.html",
							"attachments": []
						},
						{
							"isClone": false,
							"noteId": "WsVmjoQ3ce64",
							"notePath": [
								"D4q3EsqAD5Zm",
								"qbhHDaZhTkWJ",
								"WsVmjoQ3ce64"
							],
							"title": "博文模板 (2)",
							"notePosition": 61,
							"prefix": null,
							"isExpanded": false,
							"type": "book",
							"mime": "",
							"attributes": [
								{
									"type": "relation",
									"name": "disabled:runOnAttributeChange",
									"value": "osjp1Ui5sQMa",
									"isInheritable": false,
									"position": 10
								},
								{
									"type": "label",
									"name": "template",
									"value": "",
									"isInheritable": false,
									"position": 20
								},
								{
									"type": "label",
									"name": "label:summary",
									"value": "alias=概要,single,text",
									"isInheritable": false,
									"position": 30
								},
								{
									"type": "label",
									"name": "label:category",
									"value": "promoted,alias=分类,single,text",
									"isInheritable": false,
									"position": 40
								},
								{
									"type": "label",
									"name": "label:tags",
									"value": "promoted,alias=标签,multi,text",
									"isInheritable": false,
									"position": 50
								},
								{
									"type": "label",
									"name": "label:headerImage",
									"value": "promoted,alias=头图,single,text",
									"isInheritable": false,
									"position": 60
								},
								{
									"type": "label",
									"name": "label:date",
									"value": "promoted,alias=时间,single,datetime",
									"isInheritable": false,
									"position": 80
								},
								{
									"type": "label",
									"name": "iconClass",
									"value": "bx bxs-file",
									"isInheritable": false,
									"position": 70
								},
								{
									"type": "label",
									"name": "label:publish",
									"value": "promoted,alias=发布,single,boolean",
									"isInheritable": false,
									"position": 90
								},
								{
									"type": "label",
									"name": "showComments",
									"value": "",
									"isInheritable": true,
									"position": 100
								},
								{
									"type": "label",
									"name": "showReward",
									"value": "",
									"isInheritable": true,
									"position": 110
								},
								{
									"type": "label",
									"name": "publish",
									"value": "false",
									"isInheritable": false,
									"position": 180
								}
							],
							"dataFileName": "博文模板 (2).dat",
							"attachments": []
						},
						{
							"isClone": false,
							"noteId": "hsBTrQqWLHnP",
							"notePath": [
								"D4q3EsqAD5Zm",
								"qbhHDaZhTkWJ",
								"hsBTrQqWLHnP"
							],
							"title": "imgs",
							"notePosition": 70,
							"prefix": null,
							"isExpanded": false,
							"type": "code",
							"mime": "application/x-ejs",
							"attributes": [],
							"attachments": [],
							"dirFileName": "imgs",
							"children": [
								{
									"isClone": false,
									"noteId": "JLCvMPEBGVzl",
									"notePath": [
										"D4q3EsqAD5Zm",
										"qbhHDaZhTkWJ",
										"hsBTrQqWLHnP",
										"JLCvMPEBGVzl"
									],
									"title": "主页背景",
									"notePosition": -10,
									"prefix": null,
									"isExpanded": false,
									"type": "image",
									"mime": "image/jpg",
									"attributes": [
										{
											"type": "label",
											"name": "originalFileName",
											"value": "1766835889174.jpg",
											"isInheritable": false,
											"position": 10
										}
									],
									"dataFileName": "主页背景.jpg",
									"attachments": []
								},
								{
									"isClone": false,
									"noteId": "puRAgMRCIBzQ",
									"notePath": [
										"D4q3EsqAD5Zm",
										"qbhHDaZhTkWJ",
										"hsBTrQqWLHnP",
										"puRAgMRCIBzQ"
									],
									"title": "博客logo",
									"notePosition": 50,
									"prefix": null,
									"isExpanded": false,
									"type": "image",
									"mime": "image/jpg",
									"attributes": [
										{
											"type": "label",
											"name": "shareHiddenFromTree",
											"value": "",
											"isInheritable": false,
											"position": 20
										},
										{
											"type": "label",
											"name": "originalFileName",
											"value": "20230917_105401.jpg",
											"isInheritable": false,
											"position": 10
										}
									],
									"dataFileName": "博客logo.jpg",
									"attachments": []
								},
								{
									"isClone": false,
									"noteId": "xb9pq3YJMXHV",
									"notePath": [
										"D4q3EsqAD5Zm",
										"qbhHDaZhTkWJ",
										"hsBTrQqWLHnP",
										"xb9pq3YJMXHV"
									],
									"title": "支付宝收款码",
									"notePosition": 60,
									"prefix": null,
									"isExpanded": false,
									"type": "image",
									"mime": "image/jpg",
									"attributes": [
										{
											"type": "label",
											"name": "originalFileName",
											"value": "mmexport34f207e417a086a9830a97a0982623d5_1738286497176.jpeg",
											"isInheritable": false,
											"position": 10
										}
									],
									"dataFileName": "支付宝收款码.jpg",
									"attachments": []
								},
								{
									"isClone": false,
									"noteId": "3O73Dgyts4OU",
									"notePath": [
										"D4q3EsqAD5Zm",
										"qbhHDaZhTkWJ",
										"hsBTrQqWLHnP",
										"3O73Dgyts4OU"
									],
									"title": "微信收款码",
									"notePosition": 70,
									"prefix": null,
									"isExpanded": false,
									"type": "image",
									"mime": "image/jpg",
									"attributes": [
										{
											"type": "label",
											"name": "originalFileName",
											"value": "home_wallpaper_0_default.jpg",
											"isInheritable": false,
											"position": 10
										}
									],
									"dataFileName": "微信收款码.jpg",
									"attachments": []
								},
								{
									"isClone": false,
									"noteId": "iiyPHek8MG5a",
									"notePath": [
										"D4q3EsqAD5Zm",
										"qbhHDaZhTkWJ",
										"hsBTrQqWLHnP",
										"iiyPHek8MG5a"
									],
									"title": "博主头像",
									"notePosition": 80,
									"prefix": null,
									"isExpanded": false,
									"type": "image",
									"mime": "image/jpg",
									"attributes": [
										{
											"type": "label",
											"name": "originalFileName",
											"value": "20230917_105401.jpg",
											"isInheritable": false,
											"position": 10
										}
									],
									"dataFileName": "博主头像.jpg",
									"attachments": []
								}
							]
						}
					]
				}
			]
		},
		{
			"noImport": true,
			"dataFileName": "navigation.html"
		},
		{
			"noImport": true,
			"dataFileName": "index.html"
		},
		{
			"noImport": true,
			"dataFileName": "style.css"
		}
	]
}